wavelength_um,rsr_watts,spectra_type,,,,
2.051E-01,-1.23E+34,lawn_grass,,,,
2.1310002E-01,-1.23E+34,lawn_grass,,,,
2.211E-01,-1.23E+34,lawn_grass,,,,
2.291E-01,-1.23E+34,lawn_grass,,,,
2.361E-01,-1.23E+34,lawn_grass,,,,
2.4210002E-01,-1.23E+34,lawn_grass,,,,
2.4810001E-01,-1.23E+34,lawn_grass,,,,
2.536E-01,-1.23E+34,lawn_grass,,,,
2.586E-01,-1.23E+34,lawn_grass,,,,
2.6359999E-01,-1.23E+34,lawn_grass,,,,
2.6859999E-01,-1.23E+34,lawn_grass,,,,
2.7309999E-01,-1.23E+34,lawn_grass,,,,
2.771E-01,-1.23E+34,lawn_grass,,,,
2.8109998E-01,-1.23E+34,lawn_grass,,,,
2.8509998E-01,-1.23E+34,lawn_grass,,,,
2.8909999E-01,-1.23E+34,lawn_grass,,,,
2.931E-01,-1.23E+34,lawn_grass,,,,
2.9710001E-01,-1.23E+34,lawn_grass,,,,
3.0109999E-01,-1.23E+34,lawn_grass,,,,
3.0509999E-01,1.9782942E-02,lawn_grass,,,,
3.091E-01,1.9608431E-02,lawn_grass,,,,
3.1309998E-01,1.943648E-02,lawn_grass,,,,
3.1709999E-01,1.9673724E-02,lawn_grass,,,,
3.211E-01,1.95E-02,lawn_grass,,,,
3.251E-01,1.9688444E-02,lawn_grass,,,,
3.2910001E-01,1.95559E-02,lawn_grass,,,,
3.3309999E-01,1.9475121E-02,lawn_grass,,,,
3.371E-01,2.5423625E-02,lawn_grass,,,,
3.4109998E-01,2.3691222E-02,lawn_grass,,,,
3.4509999E-01,2.0644199E-02,lawn_grass,,,,
3.4909999E-01,2.0048695E-02,lawn_grass,,,,
3.531E-01,2.4335168E-02,lawn_grass,,,,
3.5710001E-01,2.5107557E-02,lawn_grass,,,,
3.6060002E-01,2.439614E-02,lawn_grass,,,,
3.6360002E-01,2.4417814E-02,lawn_grass,,,,
3.6660004E-01,2.5258822E-02,lawn_grass,,,,
3.6960003E-01,2.3511779E-02,lawn_grass,,,,
3.7260002E-01,2.2063045E-02,lawn_grass,,,,
3.7560001E-01,1.9602709E-02,lawn_grass,,,,
3.786E-01,2.3941826E-02,lawn_grass,,,,
3.8109997E-01,2.0173622E-02,lawn_grass,,,,
3.8309997E-01,2.0287439E-02,lawn_grass,,,,
3.8509998E-01,2.1182351E-02,lawn_grass,,,,
3.8709998E-01,2.1451073E-02,lawn_grass,,,,
3.8909999E-01,2.168115E-02,lawn_grass,,,,
3.9109999E-01,2.2441776E-02,lawn_grass,,,,
3.9309999E-01,2.3383897E-02,lawn_grass,,,,
3.951E-01,2.33314E-02,lawn_grass,,,,
3.971E-01,2.4317121E-02,lawn_grass,,,,
3.9910001E-01,2.4981834E-02,lawn_grass,,,,
4.0109998E-01,2.5371864E-02,lawn_grass,,,,
4.0309998E-01,2.5913918E-02,lawn_grass,,,,
4.0509999E-01,2.6486665E-02,lawn_grass,,,,
4.0709999E-01,-1.23E+34,lawn_grass,,,,
4.091E-01,-1.23E+34,lawn_grass,,,,
4.1109997E-01,-1.23E+34,lawn_grass,,,,
4.1280001E-01,2.826532E-02,lawn_grass,,,,
4.1580001E-01,2.9107435E-02,lawn_grass,,,,
4.188E-01,2.9792372E-02,lawn_grass,,,,
4.2180002E-01,2.9988799E-02,lawn_grass,,,,
4.2480004E-01,3.0443233E-02,lawn_grass,,,,
4.2780003E-01,3.0570302E-02,lawn_grass,,,,
4.3080002E-01,3.0978279E-02,lawn_grass,,,,
4.3380001E-01,3.1022502E-02,lawn_grass,,,,
4.3680003E-01,3.1598784E-02,lawn_grass,,,,
4.3980002E-01,3.1236764E-02,lawn_grass,,,,
4.4280002E-01,3.1718366E-02,lawn_grass,,,,
4.4580001E-01,3.1861324E-02,lawn_grass,,,,
4.488E-01,3.5457607E-02,lawn_grass,,,,
4.513E-01,3.5585754E-02,lawn_grass,,,,
4.533E-01,3.5959113E-02,lawn_grass,,,,
4.553E-01,3.6349323E-02,lawn_grass,,,,
4.5730001E-01,3.6130067E-02,lawn_grass,,,,
4.5930001E-01,3.6473658E-02,lawn_grass,,,,
4.6129999E-01,3.6322206E-02,lawn_grass,,,,
4.6329999E-01,3.6312677E-02,lawn_grass,,,,
4.6529999E-01,3.6184169E-02,lawn_grass,,,,
4.673E-01,3.6295347E-02,lawn_grass,,,,
4.693E-01,3.6582772E-02,lawn_grass,,,,
4.7129998E-01,3.6575228E-02,lawn_grass,,,,
4.7329998E-01,3.6202695E-02,lawn_grass,,,,
4.7529998E-01,3.6524486E-02,lawn_grass,,,,
4.7729999E-01,3.67512E-02,lawn_grass,,,,
4.7929999E-01,3.6540318E-02,lawn_grass,,,,
4.813E-01,3.674043E-02,lawn_grass,,,,
4.833E-01,3.6666695E-02,lawn_grass,,,,
4.853E-01,3.6761507E-02,lawn_grass,,,,
4.8730001E-01,3.6974348E-02,lawn_grass,,,,
4.8930001E-01,3.6704231E-02,lawn_grass,,,,
4.9129999E-01,3.6950596E-02,lawn_grass,,,,
4.9329999E-01,3.7450548E-02,lawn_grass,,,,
4.9529999E-01,3.7876111E-02,lawn_grass,,,,
4.973E-01,3.8731683E-02,lawn_grass,,,,
4.993E-01,3.9067514E-02,lawn_grass,,,,
5.0129998E-01,4.015271E-02,lawn_grass,,,,
5.0330001E-01,4.115079E-02,lawn_grass,,,,
5.0529999E-01,4.2360611E-02,lawn_grass,,,,
5.0730002E-01,4.4102777E-02,lawn_grass,,,,
5.0929999E-01,4.5670886E-02,lawn_grass,,,,
5.1129997E-01,4.8282292E-02,lawn_grass,,,,
5.133E-01,5.1704936E-02,lawn_grass,,,,
5.1529998E-01,5.4260414E-02,lawn_grass,,,,
5.1730001E-01,5.770186E-02,lawn_grass,,,,
5.1929998E-01,6.1931759E-02,lawn_grass,,,,
5.2129996E-01,6.691511E-02,lawn_grass,,,,
5.2329999E-01,7.0820406E-02,lawn_grass,,,,
5.2529997E-01,7.5394362E-02,lawn_grass,,,,
5.273E-01,7.9247378E-02,lawn_grass,,,,
5.2929997E-01,8.3182201E-02,lawn_grass,,,,
5.3129995E-01,8.6022407E-02,lawn_grass,,,,
5.3329998E-01,8.8933632E-02,lawn_grass,,,,
5.3529996E-01,9.0678208E-02,lawn_grass,,,,
5.3729999E-01,9.2445582E-02,lawn_grass,,,,
5.3929996E-01,9.3855806E-02,lawn_grass,,,,
5.413E-01,9.4136268E-02,lawn_grass,,,,
5.4330003E-01,9.482637E-02,lawn_grass,,,,
5.4530001E-01,9.5046051E-02,lawn_grass,,,,
5.4730004E-01,9.6055262E-02,lawn_grass,,,,
5.4930001E-01,9.6918613E-02,lawn_grass,,,,
5.5129999E-01,9.7290933E-02,lawn_grass,,,,
5.5330002E-01,9.6783884E-02,lawn_grass,,,,
5.553E-01,9.6960701E-02,lawn_grass,,,,
5.5730003E-01,9.6113801E-02,lawn_grass,,,,
5.5930001E-01,9.4941542E-02,lawn_grass,,,,
5.6129998E-01,9.4946675E-02,lawn_grass,,,,
5.6330001E-01,9.2795998E-02,lawn_grass,,,,
5.6529999E-01,9.0924263E-02,lawn_grass,,,,
5.6730002E-01,8.7981187E-02,lawn_grass,,,,
5.693E-01,8.5496083E-02,lawn_grass,,,,
5.7129997E-01,8.1969842E-02,lawn_grass,,,,
5.733E-01,7.8915484E-02,lawn_grass,,,,
5.7529998E-01,7.6422609E-02,lawn_grass,,,,
5.7730001E-01,7.389202E-02,lawn_grass,,,,
5.7929999E-01,7.2868958E-02,lawn_grass,,,,
5.8129996E-01,7.1452066E-02,lawn_grass,,,,
5.8329999E-01,6.8411618E-02,lawn_grass,,,,
5.8529997E-01,6.705828E-02,lawn_grass,,,,
5.873E-01,6.7661427E-02,lawn_grass,,,,
5.8929998E-01,6.678509E-02,lawn_grass,,,,
5.9130001E-01,6.4473532E-02,lawn_grass,,,,
5.9330004E-01,6.4557686E-02,lawn_grass,,,,
5.9530002E-01,6.3475408E-02,lawn_grass,,,,
5.9730005E-01,6.3069947E-02,lawn_grass,,,,
5.9930003E-01,6.3753538E-02,lawn_grass,,,,
6.0110003E-01,6.2866583E-02,lawn_grass,,,,
6.027E-01,6.2360693E-02,lawn_grass,,,,
6.0430002E-01,6.2589742E-02,lawn_grass,,,,
6.0589999E-01,6.1414726E-02,lawn_grass,,,,
6.0750008E-01,6.1316088E-02,lawn_grass,,,,
6.0910004E-01,6.0792953E-02,lawn_grass,,,,
6.1070001E-01,5.9324265E-02,lawn_grass,,,,
6.1229998E-01,5.8900483E-02,lawn_grass,,,,
6.1390001E-01,5.8769651E-02,lawn_grass,,,,
6.1550003E-01,5.7149537E-02,lawn_grass,,,,
6.1710006E-01,5.5862434E-02,lawn_grass,,,,
6.1870003E-01,5.6057125E-02,lawn_grass,,,,
6.2029999E-01,5.5785984E-02,lawn_grass,,,,
6.2189996E-01,5.4152109E-02,lawn_grass,,,,
6.2350005E-01,5.4062221E-02,lawn_grass,,,,
6.2510002E-01,5.3998664E-02,lawn_grass,,,,
6.2669998E-01,5.317926E-02,lawn_grass,,,,
6.2830001E-01,5.4342024E-02,lawn_grass,,,,
6.2989998E-01,5.3139254E-02,lawn_grass,,,,
6.3169998E-01,5.3173661E-02,lawn_grass,,,,
6.3370001E-01,5.317102E-02,lawn_grass,,,,
6.3569999E-01,5.2461348E-02,lawn_grass,,,,
6.3770002E-01,5.1070698E-02,lawn_grass,,,,
6.397E-01,5.0129898E-02,lawn_grass,,,,
6.4170003E-01,4.9086198E-02,lawn_grass,,,,
6.4370006E-01,4.7837906E-02,lawn_grass,,,,
6.4570004E-01,4.7457594E-02,lawn_grass,,,,
6.4770007E-01,4.537712E-02,lawn_grass,,,,
6.4970005E-01,4.5175623E-02,lawn_grass,,,,
6.5170002E-01,4.3870419E-02,lawn_grass,,,,
6.5370005E-01,4.3868523E-02,lawn_grass,,,,
6.5570003E-01,4.3635979E-02,lawn_grass,,,,
6.5770006E-01,4.302036E-02,lawn_grass,,,,
6.5970004E-01,4.2706829E-02,lawn_grass,,,,
6.6170001E-01,4.1577853E-02,lawn_grass,,,,
6.6370004E-01,4.0885381E-02,lawn_grass,,,,
6.6570002E-01,4.038889E-02,lawn_grass,,,,
6.6770005E-01,3.9239205E-02,lawn_grass,,,,
6.7019999E-01,3.9069157E-02,lawn_grass,,,,
6.7320001E-01,3.8477663E-02,lawn_grass,,,,
6.7619997E-01,3.8823731E-02,lawn_grass,,,,
6.7919999E-01,3.8155764E-02,lawn_grass,,,,
6.8219995E-01,3.8970362E-02,lawn_grass,,,,
6.8519998E-01,3.9696891E-02,lawn_grass,,,,
6.882E-01,4.2075288E-02,lawn_grass,,,,
6.9120002E-01,4.9019031E-02,lawn_grass,,,,
6.9420004E-01,5.9077084E-02,lawn_grass,,,,
6.9720006E-01,7.1844786E-02,lawn_grass,,,,
7.0019996E-01,9.137892E-02,lawn_grass,,,,
7.0199996E-01,1.036905E-01,lawn_grass,,,,
7.04E-01,1.1896421E-01,lawn_grass,,,,
7.0599997E-01,1.3421218E-01,lawn_grass,,,,
7.08E-01,1.4704077E-01,lawn_grass,,,,
7.0999998E-01,1.637176E-01,lawn_grass,,,,
7.1199995E-01,1.796588E-01,lawn_grass,,,,
7.1399999E-01,1.9750507E-01,lawn_grass,,,,
7.1599996E-01,2.1464096E-01,lawn_grass,,,,
7.1799999E-01,2.3437883E-01,lawn_grass,,,,
7.1999997E-01,2.5455934E-01,lawn_grass,,,,
7.2199994E-01,2.7623388E-01,lawn_grass,,,,
7.2399998E-01,2.9841426E-01,lawn_grass,,,,
7.2599995E-01,3.2191214E-01,lawn_grass,,,,
7.2799999E-01,3.4622732E-01,lawn_grass,,,,
7.2999996E-01,3.7203616E-01,lawn_grass,,,,
7.3199993E-01,3.9808095E-01,lawn_grass,,,,
7.3399997E-01,4.2291227E-01,lawn_grass,,,,
7.3599994E-01,4.4863984E-01,lawn_grass,,,,
7.3799998E-01,4.7399488E-01,lawn_grass,,,,
7.4000001E-01,4.9643475E-01,lawn_grass,,,,
7.4199998E-01,5.1968652E-01,lawn_grass,,,,
7.4400002E-01,5.4263353E-01,lawn_grass,,,,
7.4599999E-01,5.6233382E-01,lawn_grass,,,,
7.4800003E-01,5.7932365E-01,lawn_grass,,,,
7.5050002E-01,6.0073704E-01,lawn_grass,,,,
7.5350004E-01,6.204266E-01,lawn_grass,,,,
7.5650001E-01,6.3702422E-01,lawn_grass,,,,
7.5950003E-01,6.5061712E-01,lawn_grass,,,,
7.6249999E-01,6.6021371E-01,lawn_grass,,,,
7.6550001E-01,6.6775304E-01,lawn_grass,,,,
7.6850003E-01,6.7439371E-01,lawn_grass,,,,
7.7149999E-01,6.783179E-01,lawn_grass,,,,
7.7450001E-01,6.8262804E-01,lawn_grass,,,,
7.7750003E-01,6.8588698E-01,lawn_grass,,,,
7.8099996E-01,6.8764758E-01,lawn_grass,,,,
7.8499997E-01,6.9014859E-01,lawn_grass,,,,
7.8899997E-01,6.9208205E-01,lawn_grass,,,,
7.9299998E-01,6.9367009E-01,lawn_grass,,,,
7.9699999E-01,6.9602036E-01,lawn_grass,,,,
8.0150002E-01,6.9734007E-01,lawn_grass,,,,
8.0650002E-01,6.9930542E-01,lawn_grass,,,,
8.1150001E-01,7.0028251E-01,lawn_grass,,,,
8.1650001E-01,7.0209414E-01,lawn_grass,,,,
8.2199997E-01,7.0452869E-01,lawn_grass,,,,
8.2800001E-01,7.0319426E-01,lawn_grass,,,,
8.3499998E-01,7.0274049E-01,lawn_grass,,,,
8.4300005E-01,7.0634425E-01,lawn_grass,,,,
8.5100001E-01,7.0788825E-01,lawn_grass,,,,
8.5900003E-01,7.0444012E-01,lawn_grass,,,,
8.7099999E-01,7.0429546E-01,lawn_grass,,,,
8.8300002E-01,7.0195335E-01,lawn_grass,,,,
8.9399999E-01,7.058872E-01,lawn_grass,,,,
9.0399998E-01,7.053048E-01,lawn_grass,,,,
9.1399997E-01,7.0420557E-01,lawn_grass,,,,
9.2399997E-01,7.0115083E-01,lawn_grass,,,,
9.3299997E-01,6.9707876E-01,lawn_grass,,,,
9.4099998E-01,6.9060624E-01,lawn_grass,,,,
9.49E-01,6.7956662E-01,lawn_grass,,,,
9.5700002E-01,6.662699E-01,lawn_grass,,,,
9.6399999E-01,6.6050196E-01,lawn_grass,,,,
9.6999997E-01,6.5755755E-01,lawn_grass,,,,
9.7599995E-01,6.5774113E-01,lawn_grass,,,,
9.8199993E-01,6.5976447E-01,lawn_grass,,,,
9.8799998E-01,6.5872157E-01,lawn_grass,,,,
9.9400002E-01,6.6166639E-01,lawn_grass,,,,
1E+00,6.6685432E-01,lawn_grass,,,,
1.006E+00,6.6927886E-01,lawn_grass,,,,
1.012E+00,6.7213506E-01,lawn_grass,,,,
1.018E+00,6.7873037E-01,lawn_grass,,,,
1.0235E+00,6.8041122E-01,lawn_grass,,,,
1.0285E+00,6.8417597E-01,lawn_grass,,,,
1.0335E+00,6.8846732E-01,lawn_grass,,,,
1.0385E+00,6.9035846E-01,lawn_grass,,,,
1.0434999E+00,6.9406468E-01,lawn_grass,,,,
1.0484999E+00,6.9541365E-01,lawn_grass,,,,
1.0534999E+00,6.9541711E-01,lawn_grass,,,,
1.0584999E+00,6.9831538E-01,lawn_grass,,,,
1.0634999E+00,6.9862205E-01,lawn_grass,,,,
1.0684999E+00,6.9968069E-01,lawn_grass,,,,
1.0735E+00,6.9842523E-01,lawn_grass,,,,
1.0785E+00,6.9972551E-01,lawn_grass,,,,
1.0835E+00,6.9901836E-01,lawn_grass,,,,
1.0885E+00,6.9782579E-01,lawn_grass,,,,
1.0935E+00,6.9804001E-01,lawn_grass,,,,
1.0985E+00,6.9706756E-01,lawn_grass,,,,
1.1035E+00,6.9226646E-01,lawn_grass,,,,
1.1085E+00,6.935029E-01,lawn_grass,,,,
1.1135E+00,6.8944824E-01,lawn_grass,,,,
1.1185E+00,6.8878579E-01,lawn_grass,,,,
1.1235E+00,6.8385464E-01,lawn_grass,,,,
1.1285E+00,6.7763966E-01,lawn_grass,,,,
1.1335E+00,6.654188E-01,lawn_grass,,,,
1.1385E+00,6.4968461E-01,lawn_grass,,,,
1.1435E+00,6.3008863E-01,lawn_grass,,,,
1.1485E+00,6.1168891E-01,lawn_grass,,,,
1.1535E+00,5.989123E-01,lawn_grass,,,,
1.1585E+00,5.903011E-01,lawn_grass,,,,
1.1635E+00,5.8408254E-01,lawn_grass,,,,
1.1684999E+00,5.8089668E-01,lawn_grass,,,,
1.1735001E+00,5.7738E-01,lawn_grass,,,,
1.1785001E+00,5.7544702E-01,lawn_grass,,,,
1.1835001E+00,5.7361102E-01,lawn_grass,,,,
1.1885E+00,5.7364219E-01,lawn_grass,,,,
1.1935E+00,5.7243496E-01,lawn_grass,,,,
1.1985E+00,5.7131362E-01,lawn_grass,,,,
1.2035E+00,5.7193887E-01,lawn_grass,,,,
1.2085E+00,5.7202357E-01,lawn_grass,,,,
1.2135E+00,5.7403833E-01,lawn_grass,,,,
1.2185E+00,5.7733196E-01,lawn_grass,,,,
1.2235E+00,5.7848793E-01,lawn_grass,,,,
1.2285E+00,5.8068407E-01,lawn_grass,,,,
1.2335E+00,5.8223915E-01,lawn_grass,,,,
1.2385E+00,5.8540595E-01,lawn_grass,,,,
1.2435E+00,5.8723372E-01,lawn_grass,,,,
1.2485E+00,5.8984613E-01,lawn_grass,,,,
1.2535E+00,5.9169883E-01,lawn_grass,,,,
1.2585E+00,5.9329027E-01,lawn_grass,,,,
1.2635E+00,5.9392887E-01,lawn_grass,,,,
1.2685E+00,5.9371197E-01,lawn_grass,,,,
1.2735001E+00,5.9358543E-01,lawn_grass,,,,
1.2785001E+00,5.9128565E-01,lawn_grass,,,,
1.2835001E+00,5.9022778E-01,lawn_grass,,,,
1.2885001E+00,5.8640724E-01,lawn_grass,,,,
1.2935001E+00,5.8388281E-01,lawn_grass,,,,
1.2985001E+00,5.7846022E-01,lawn_grass,,,,
1.3034999E+00,5.7201433E-01,lawn_grass,,,,
1.3084999E+00,5.6455302E-01,lawn_grass,,,,
1.3134999E+00,5.5495429E-01,lawn_grass,,,,
1.3184999E+00,5.4343969E-01,lawn_grass,,,,
1.3234999E+00,5.3179574E-01,lawn_grass,,,,
1.3284999E+00,5.1806235E-01,lawn_grass,,,,
1.3334999E+00,5.0497991E-01,lawn_grass,,,,
1.3384999E+00,4.91245E-01,lawn_grass,,,,
1.3434999E+00,4.7793502E-01,lawn_grass,,,,
1.3484999E+00,4.6517336E-01,lawn_grass,,,,
1.3534999E+00,4.5696396E-01,lawn_grass,,,,
1.3584999E+00,4.4763571E-01,lawn_grass,,,,
1.3634999E+00,4.3612683E-01,lawn_grass,,,,
1.3684999E+00,4.236874E-01,lawn_grass,,,,
1.3735E+00,4.0613508E-01,lawn_grass,,,,
1.3785E+00,3.8496324E-01,lawn_grass,,,,
1.3835E+00,3.5124722E-01,lawn_grass,,,,
1.3885E+00,3.1519911E-01,lawn_grass,,,,
1.3935E+00,2.7650818E-01,lawn_grass,,,,
1.3985E+00,2.4228781E-01,lawn_grass,,,,
1.4035E+00,2.1272515E-01,lawn_grass,,,,
1.4085E+00,1.8879631E-01,lawn_grass,,,,
1.4135E+00,1.7656782E-01,lawn_grass,,,,
1.4184999E+00,1.6496502E-01,lawn_grass,,,,
1.4234999E+00,1.578767E-01,lawn_grass,,,,
1.4284999E+00,1.5200295E-01,lawn_grass,,,,
1.4334999E+00,1.4854719E-01,lawn_grass,,,,
1.4384999E+00,1.4609617E-01,lawn_grass,,,,
1.4434999E+00,1.4179964E-01,lawn_grass,,,,
1.4484999E+00,1.417613E-01,lawn_grass,,,,
1.4534999E+00,1.4150548E-01,lawn_grass,,,,
1.4584999E+00,1.4268148E-01,lawn_grass,,,,
1.4634999E+00,1.4456613E-01,lawn_grass,,,,
1.4684999E+00,1.4521459E-01,lawn_grass,,,,
1.4735E+00,1.5079781E-01,lawn_grass,,,,
1.4785E+00,1.5481631E-01,lawn_grass,,,,
1.4835E+00,1.6070449E-01,lawn_grass,,,,
1.4885E+00,1.6611046E-01,lawn_grass,,,,
1.4935E+00,1.7316394E-01,lawn_grass,,,,
1.4985E+00,1.789767E-01,lawn_grass,,,,
1.5035E+00,1.8501477E-01,lawn_grass,,,,
1.5085E+00,1.9215417E-01,lawn_grass,,,,
1.5135E+00,1.9883698E-01,lawn_grass,,,,
1.5185E+00,2.0808744E-01,lawn_grass,,,,
1.5235E+00,2.1500109E-01,lawn_grass,,,,
1.5285E+00,2.2407648E-01,lawn_grass,,,,
1.5339999E+00,2.3118386E-01,lawn_grass,,,,
1.54E+00,2.3845999E-01,lawn_grass,,,,
1.546E+00,2.4756083E-01,lawn_grass,,,,
1.5519999E+00,2.5678545E-01,lawn_grass,,,,
1.558E+00,2.6346862E-01,lawn_grass,,,,
1.5639999E+00,2.7074674E-01,lawn_grass,,,,
1.5705E+00,2.7847308E-01,lawn_grass,,,,
1.5775E+00,2.8596181E-01,lawn_grass,,,,
1.5845E+00,2.9367152E-01,lawn_grass,,,,
1.5915E+00,3.014738E-01,lawn_grass,,,,
1.5985E+00,3.0810586E-01,lawn_grass,,,,
1.6055E+00,3.140218E-01,lawn_grass,,,,
1.6125E+00,3.198348E-01,lawn_grass,,,,
1.6194999E+00,3.2685509E-01,lawn_grass,,,,
1.6265E+00,3.3028221E-01,lawn_grass,,,,
1.6335E+00,3.3497211E-01,lawn_grass,,,,
1.6404999E+00,3.3739883E-01,lawn_grass,,,,
1.6474999E+00,3.4070516E-01,lawn_grass,,,,
1.6544999E+00,3.4400925E-01,lawn_grass,,,,
1.6615E+00,3.4564748E-01,lawn_grass,,,,
1.6684999E+00,3.4727168E-01,lawn_grass,,,,
1.6760001E+00,3.455438E-01,lawn_grass,,,,
1.684E+00,3.4239951E-01,lawn_grass,,,,
1.692E+00,3.405765E-01,lawn_grass,,,,
1.7E+00,3.3804527E-01,lawn_grass,,,,
1.7080001E+00,3.3507362E-01,lawn_grass,,,,
1.7160001E+00,3.2913205E-01,lawn_grass,,,,
1.724E+00,3.2410625E-01,lawn_grass,,,,
1.732E+00,3.1569642E-01,lawn_grass,,,,
1.74E+00,3.1377694E-01,lawn_grass,,,,
1.748E+00,3.0596665E-01,lawn_grass,,,,
1.756E+00,2.9863101E-01,lawn_grass,,,,
1.7639999E+00,2.9262748E-01,lawn_grass,,,,
1.7720001E+00,2.8637218E-01,lawn_grass,,,,
1.7800001E+00,2.8472713E-01,lawn_grass,,,,
1.7880001E+00,2.8361878E-01,lawn_grass,,,,
1.7960001E+00,2.8203318E-01,lawn_grass,,,,
1.8049999E+00,2.8200272E-01,lawn_grass,,,,
1.8149999E+00,2.8254467E-01,lawn_grass,,,,
1.8249999E+00,2.8268868E-01,lawn_grass,,,,
1.8349999E+00,2.7952471E-01,lawn_grass,,,,
1.8449999E+00,2.6923004E-01,lawn_grass,,,,
1.8549999E+00,2.4978387E-01,lawn_grass,,,,
1.8649999E+00,2.1841833E-01,lawn_grass,,,,
1.875E+00,1.6681547E-01,lawn_grass,,,,
1.885E+00,1.1406213E-01,lawn_grass,,,,
1.895E+00,7.3214598E-02,lawn_grass,,,,
1.905E+00,5.3837311E-02,lawn_grass,,,,
1.915E+00,4.4076283E-02,lawn_grass,,,,
1.925E+00,4.2852912E-02,lawn_grass,,,,
1.9349999E+00,4.1856531E-02,lawn_grass,,,,
1.9449999E+00,4.1895986E-02,lawn_grass,,,,
1.9549999E+00,4.3197982E-02,lawn_grass,,,,
1.9649999E+00,5.0797366E-02,lawn_grass,,,,
1.975E+00,5.2930754E-02,lawn_grass,,,,
1.985E+00,5.9399318E-02,lawn_grass,,,,
1.995E+00,6.2343225E-02,lawn_grass,,,,
2.0050001E+00,6.904126E-02,lawn_grass,,,,
2.0150001E+00,7.7038623E-02,lawn_grass,,,,
2.0250001E+00,8.1491508E-02,lawn_grass,,,,
2.0350001E+00,8.6542584E-02,lawn_grass,,,,
2.0450001E+00,9.1332689E-02,lawn_grass,,,,
2.0550001E+00,1.0007671E-01,lawn_grass,,,,
2.0650001E+00,1.0540361E-01,lawn_grass,,,,
2.075E+00,1.1177906E-01,lawn_grass,,,,
2.085E+00,1.1772368E-01,lawn_grass,,,,
2.095E+00,1.2378275E-01,lawn_grass,,,,
2.105E+00,1.3207424E-01,lawn_grass,,,,
2.115E+00,1.3820131E-01,lawn_grass,,,,
2.125E+00,1.4338222E-01,lawn_grass,,,,
2.135E+00,1.442688E-01,lawn_grass,,,,
2.145E+00,1.5236752E-01,lawn_grass,,,,
2.155E+00,1.5315281E-01,lawn_grass,,,,
2.165E+00,1.5804017E-01,lawn_grass,,,,
2.175E+00,1.5868266E-01,lawn_grass,,,,
2.1849999E+00,1.6037275E-01,lawn_grass,,,,
2.1949999E+00,1.6493003E-01,lawn_grass,,,,
2.2050002E+00,1.6515234E-01,lawn_grass,,,,
2.2150002E+00,1.6728462E-01,lawn_grass,,,,
2.2250001E+00,1.6753705E-01,lawn_grass,,,,
2.2350001E+00,1.6378671E-01,lawn_grass,,,,
2.2450001E+00,1.6439398E-01,lawn_grass,,,,
2.2550001E+00,1.5385363E-01,lawn_grass,,,,
2.2650001E+00,1.5621506E-01,lawn_grass,,,,
2.2750001E+00,1.4771096E-01,lawn_grass,,,,
2.2850001E+00,1.417893E-01,lawn_grass,,,,
2.2950001E+00,1.3395546E-01,lawn_grass,,,,
2.3050001E+00,1.2682612E-01,lawn_grass,,,,
2.3150001E+00,1.241945E-01,lawn_grass,,,,
2.325E+00,1.188546E-01,lawn_grass,,,,
2.335E+00,1.1408017E-01,lawn_grass,,,,
2.345E+00,1.0906009E-01,lawn_grass,,,,
2.355E+00,1.0380725E-01,lawn_grass,,,,
2.365E+00,1.0156707E-01,lawn_grass,,,,
2.375E+00,9.7084314E-02,lawn_grass,,,,
2.3859999E+00,9.0936147E-02,lawn_grass,,,,
2.4000001E+00,8.3770171E-02,lawn_grass,,,,
2.418E+00,7.5557396E-02,lawn_grass,,,,
2.4400001E+00,6.6522092E-02,lawn_grass,,,,
2.4660001E+00,5.5095855E-02,lawn_grass,,,,
2.4960001E+00,4.6106782E-02,lawn_grass,,,,
2.5279999E+00,4.2232346E-02,lawn_grass,,,,
2.5599999E+00,4.391104E-02,lawn_grass,,,,
2.592E+00,4.0236287E-02,lawn_grass,,,,
2.6239998E+00,3.3967197E-02,lawn_grass,,,,
2.6559999E+00,2.9759968E-02,lawn_grass,,,,
2.6879997E+00,1.4387154E-02,lawn_grass,,,,
2.72E+00,5.7988111E-03,lawn_grass,,,,
2.7520001E+00,1.3545633E-03,lawn_grass,,,,
2.7839999E+00,1.9717876E-02,lawn_grass,,,,
2.816E+00,1.8823273E-03,lawn_grass,,,,
2.8479998E+00,-1.23E+34,lawn_grass,,,,
2.8799999E+00,7.9180188E-03,lawn_grass,,,,
2.9120002E+00,1.3581227E-02,lawn_grass,,,,
2.944E+00,1.2342921E-02,lawn_grass,,,,
2.9760001E+00,3.4527045E-03,lawn_grass,,,,
2.0510000E-01,-1.2300000E+34,h2o_ice,,,,
2.1310002E-01,-1.2300000E+34,h2o_ice,,,,
2.2110000E-01,-1.2300000E+34,h2o_ice,,,,
2.2910000E-01,-1.2300000E+34,h2o_ice,,,,
2.3610000E-01,-1.2300000E+34,h2o_ice,,,,
2.4210002E-01,-1.2300000E+34,h2o_ice,,,,
2.4810001E-01,-1.2300000E+34,h2o_ice,,,,
2.5360000E-01,-1.2300000E+34,h2o_ice,,,,
2.5860000E-01,-1.2300000E+34,h2o_ice,,,,
2.6359999E-01,-1.2300000E+34,h2o_ice,,,,
2.6859999E-01,-1.2300000E+34,h2o_ice,,,,
2.7309999E-01,-1.2300000E+34,h2o_ice,,,,
2.7710000E-01,-1.2300000E+34,h2o_ice,,,,
2.8109998E-01,-1.2300000E+34,h2o_ice,,,,
2.8509998E-01,-1.2300000E+34,h2o_ice,,,,
2.8909999E-01,-1.2300000E+34,h2o_ice,,,,
2.9310000E-01,-1.2300000E+34,h2o_ice,,,,
2.9710001E-01,-1.2300000E+34,h2o_ice,,,,
3.0109999E-01,-1.2300000E+34,h2o_ice,,,,
3.0509999E-01,-1.2300000E+34,h2o_ice,,,,
3.0910000E-01,-1.2300000E+34,h2o_ice,,,,
3.1309998E-01,-1.2300000E+34,h2o_ice,,,,
3.1709999E-01,-1.2300000E+34,h2o_ice,,,,
3.2110000E-01,-1.2300000E+34,h2o_ice,,,,
3.2510000E-01,-1.2300000E+34,h2o_ice,,,,
3.2910001E-01,-1.2300000E+34,h2o_ice,,,,
3.3309999E-01,-1.2300000E+34,h2o_ice,,,,
3.3710000E-01,-1.2300000E+34,h2o_ice,,,,
3.4109998E-01,-1.2300000E+34,h2o_ice,,,,
3.4509999E-01,-1.2300000E+34,h2o_ice,,,,
3.4909999E-01,-1.2300000E+34,h2o_ice,,,,
3.5310000E-01,-1.2300000E+34,h2o_ice,,,,
3.5710001E-01,-1.2300000E+34,h2o_ice,,,,
3.6060002E-01,-1.2300000E+34,h2o_ice,,,,
3.6360002E-01,-1.2300000E+34,h2o_ice,,,,
3.6660004E-01,-1.2300000E+34,h2o_ice,,,,
3.6960003E-01,-1.2300000E+34,h2o_ice,,,,
3.7260002E-01,-1.2300000E+34,h2o_ice,,,,
3.7560001E-01,-1.2300000E+34,h2o_ice,,,,
3.7860000E-01,-1.2300000E+34,h2o_ice,,,,
3.8109997E-01,-1.2300000E+34,h2o_ice,,,,
3.8309997E-01,-1.2300000E+34,h2o_ice,,,,
3.8509998E-01,-1.2300000E+34,h2o_ice,,,,
3.8709998E-01,-1.2300000E+34,h2o_ice,,,,
3.8909999E-01,-1.2300000E+34,h2o_ice,,,,
3.9109999E-01,-1.2300000E+34,h2o_ice,,,,
3.9309999E-01,-1.2300000E+34,h2o_ice,,,,
3.9510000E-01,-1.2300000E+34,h2o_ice,,,,
3.9710000E-01,-1.2300000E+34,h2o_ice,,,,
3.9910001E-01,-1.2300000E+34,h2o_ice,,,,
4.0109998E-01,-1.2300000E+34,h2o_ice,,,,
4.0309998E-01,-1.2300000E+34,h2o_ice,,,,
4.0509999E-01,-1.2300000E+34,h2o_ice,,,,
4.0709999E-01,-1.2300000E+34,h2o_ice,,,,
4.0910000E-01,-1.2300000E+34,h2o_ice,,,,
4.1109997E-01,-1.2300000E+34,h2o_ice,,,,
4.1280001E-01,-1.2300000E+34,h2o_ice,,,,
4.1580001E-01,-1.2300000E+34,h2o_ice,,,,
4.1880000E-01,-1.2300000E+34,h2o_ice,,,,
4.2180002E-01,-1.2300000E+34,h2o_ice,,,,
4.2480004E-01,-1.2300000E+34,h2o_ice,,,,
4.2780003E-01,-1.2300000E+34,h2o_ice,,,,
4.3080002E-01,-1.2300000E+34,h2o_ice,,,,
4.3380001E-01,-1.2300000E+34,h2o_ice,,,,
4.3680003E-01,-1.2300000E+34,h2o_ice,,,,
4.3980002E-01,-1.2300000E+34,h2o_ice,,,,
4.4280002E-01,-1.2300000E+34,h2o_ice,,,,
4.4580001E-01,-1.2300000E+34,h2o_ice,,,,
4.4880000E-01,-1.2300000E+34,h2o_ice,,,,
4.5130000E-01,-1.2300000E+34,h2o_ice,,,,
4.5330000E-01,-1.2300000E+34,h2o_ice,,,,
4.5530000E-01,-1.2300000E+34,h2o_ice,,,,
4.5730001E-01,-1.2300000E+34,h2o_ice,,,,
4.5930001E-01,-1.2300000E+34,h2o_ice,,,,
4.6129999E-01,-1.2300000E+34,h2o_ice,,,,
4.6329999E-01,-1.2300000E+34,h2o_ice,,,,
4.6529999E-01,-1.2300000E+34,h2o_ice,,,,
4.6730000E-01,-1.2300000E+34,h2o_ice,,,,
4.6930000E-01,-1.2300000E+34,h2o_ice,,,,
4.7129998E-01,-1.2300000E+34,h2o_ice,,,,
4.7329998E-01,-1.2300000E+34,h2o_ice,,,,
4.7529998E-01,-1.2300000E+34,h2o_ice,,,,
4.7729999E-01,-1.2300000E+34,h2o_ice,,,,
4.7929999E-01,-1.2300000E+34,h2o_ice,,,,
4.8130000E-01,-1.2300000E+34,h2o_ice,,,,
4.8330000E-01,-1.2300000E+34,h2o_ice,,,,
4.8530000E-01,-1.2300000E+34,h2o_ice,,,,
4.8730001E-01,-1.2300000E+34,h2o_ice,,,,
4.8930001E-01,-1.2300000E+34,h2o_ice,,,,
4.9129999E-01,-1.2300000E+34,h2o_ice,,,,
4.9329999E-01,-1.2300000E+34,h2o_ice,,,,
4.9529999E-01,-1.2300000E+34,h2o_ice,,,,
4.9730000E-01,-1.2300000E+34,h2o_ice,,,,
4.9930000E-01,-1.2300000E+34,h2o_ice,,,,
5.0129998E-01,-1.2300000E+34,h2o_ice,,,,
5.0330001E-01,-1.2300000E+34,h2o_ice,,,,
5.0529999E-01,-1.2300000E+34,h2o_ice,,,,
5.0730002E-01,-1.2300000E+34,h2o_ice,,,,
5.0929999E-01,-1.2300000E+34,h2o_ice,,,,
5.1129997E-01,-1.2300000E+34,h2o_ice,,,,
5.1330000E-01,-1.2300000E+34,h2o_ice,,,,
5.1529998E-01,-1.2300000E+34,h2o_ice,,,,
5.1730001E-01,-1.2300000E+34,h2o_ice,,,,
5.1929998E-01,-1.2300000E+34,h2o_ice,,,,
5.2129996E-01,-1.2300000E+34,h2o_ice,,,,
5.2329999E-01,-1.2300000E+34,h2o_ice,,,,
5.2529997E-01,-1.2300000E+34,h2o_ice,,,,
5.2730000E-01,-1.2300000E+34,h2o_ice,,,,
5.2929997E-01,-1.2300000E+34,h2o_ice,,,,
5.3129995E-01,-1.2300000E+34,h2o_ice,,,,
5.3329998E-01,-1.2300000E+34,h2o_ice,,,,
5.3529996E-01,-1.2300000E+34,h2o_ice,,,,
5.3729999E-01,-1.2300000E+34,h2o_ice,,,,
5.3929996E-01,-1.2300000E+34,h2o_ice,,,,
5.4130000E-01,-1.2300000E+34,h2o_ice,,,,
5.4330003E-01,-1.2300000E+34,h2o_ice,,,,
5.4530001E-01,-1.2300000E+34,h2o_ice,,,,
5.4730004E-01,-1.2300000E+34,h2o_ice,,,,
5.4930001E-01,-1.2300000E+34,h2o_ice,,,,
5.5129999E-01,-1.2300000E+34,h2o_ice,,,,
5.5330002E-01,-1.2300000E+34,h2o_ice,,,,
5.5530000E-01,-1.2300000E+34,h2o_ice,,,,
5.5730003E-01,-1.2300000E+34,h2o_ice,,,,
5.5930001E-01,-1.2300000E+34,h2o_ice,,,,
5.6129998E-01,-1.2300000E+34,h2o_ice,,,,
5.6330001E-01,-1.2300000E+34,h2o_ice,,,,
5.6529999E-01,-1.2300000E+34,h2o_ice,,,,
5.6730002E-01,-1.2300000E+34,h2o_ice,,,,
5.6930000E-01,-1.2300000E+34,h2o_ice,,,,
5.7129997E-01,-1.2300000E+34,h2o_ice,,,,
5.7330000E-01,-1.2300000E+34,h2o_ice,,,,
5.7529998E-01,-1.2300000E+34,h2o_ice,,,,
5.7730001E-01,-1.2300000E+34,h2o_ice,,,,
5.7929999E-01,-1.2300000E+34,h2o_ice,,,,
5.8129996E-01,-1.2300000E+34,h2o_ice,,,,
5.8329999E-01,-1.2300000E+34,h2o_ice,,,,
5.8529997E-01,-1.2300000E+34,h2o_ice,,,,
5.8730000E-01,-1.2300000E+34,h2o_ice,,,,
5.8929998E-01,-1.2300000E+34,h2o_ice,,,,
5.9130001E-01,-1.2300000E+34,h2o_ice,,,,
5.9330004E-01,-1.2300000E+34,h2o_ice,,,,
5.9530002E-01,-1.2300000E+34,h2o_ice,,,,
5.9730005E-01,-1.2300000E+34,h2o_ice,,,,
5.9930003E-01,-1.2300000E+34,h2o_ice,,,,
6.0110003E-01,-1.2300000E+34,h2o_ice,,,,
6.0270000E-01,-1.2300000E+34,h2o_ice,,,,
6.0430002E-01,-1.2300000E+34,h2o_ice,,,,
6.0589999E-01,-1.2300000E+34,h2o_ice,,,,
6.0750008E-01,-1.2300000E+34,h2o_ice,,,,
6.0910004E-01,-1.2300000E+34,h2o_ice,,,,
6.1070001E-01,-1.2300000E+34,h2o_ice,,,,
6.1229998E-01,-1.2300000E+34,h2o_ice,,,,
6.1390001E-01,-1.2300000E+34,h2o_ice,,,,
6.1550003E-01,-1.2300000E+34,h2o_ice,,,,
6.1710006E-01,-1.2300000E+34,h2o_ice,,,,
6.1870003E-01,-1.2300000E+34,h2o_ice,,,,
6.2029999E-01,-1.2300000E+34,h2o_ice,,,,
6.2189996E-01,-1.2300000E+34,h2o_ice,,,,
6.2350005E-01,-1.2300000E+34,h2o_ice,,,,
6.2510002E-01,-1.2300000E+34,h2o_ice,,,,
6.2669998E-01,-1.2300000E+34,h2o_ice,,,,
6.2830001E-01,-1.2300000E+34,h2o_ice,,,,
6.2989998E-01,-1.2300000E+34,h2o_ice,,,,
6.3169998E-01,-1.2300000E+34,h2o_ice,,,,
6.3370001E-01,-1.2300000E+34,h2o_ice,,,,
6.3569999E-01,-1.2300000E+34,h2o_ice,,,,
6.3770002E-01,-1.2300000E+34,h2o_ice,,,,
6.3970000E-01,-1.2300000E+34,h2o_ice,,,,
6.4170003E-01,-1.2300000E+34,h2o_ice,,,,
6.4370006E-01,-1.2300000E+34,h2o_ice,,,,
6.4570004E-01,-1.2300000E+34,h2o_ice,,,,
6.4770007E-01,-1.2300000E+34,h2o_ice,,,,
6.4970005E-01,-1.2300000E+34,h2o_ice,,,,
6.5170002E-01,-1.2300000E+34,h2o_ice,,,,
6.5370005E-01,-1.2300000E+34,h2o_ice,,,,
6.5570003E-01,-1.2300000E+34,h2o_ice,,,,
6.5770006E-01,-1.2300000E+34,h2o_ice,,,,
6.5970004E-01,-1.2300000E+34,h2o_ice,,,,
6.6170001E-01,-1.2300000E+34,h2o_ice,,,,
6.6370004E-01,-1.2300000E+34,h2o_ice,,,,
6.6570002E-01,-1.2300000E+34,h2o_ice,,,,
6.6770005E-01,-1.2300000E+34,h2o_ice,,,,
6.7019999E-01,-1.2300000E+34,h2o_ice,,,,
6.7320001E-01,-1.2300000E+34,h2o_ice,,,,
6.7619997E-01,-1.2300000E+34,h2o_ice,,,,
6.7919999E-01,-1.2300000E+34,h2o_ice,,,,
6.8219995E-01,-1.2300000E+34,h2o_ice,,,,
6.8519998E-01,-1.2300000E+34,h2o_ice,,,,
6.8820000E-01,-1.2300000E+34,h2o_ice,,,,
6.9120002E-01,-1.2300000E+34,h2o_ice,,,,
6.9420004E-01,-1.2300000E+34,h2o_ice,,,,
6.9720006E-01,-1.2300000E+34,h2o_ice,,,,
7.0019996E-01,-1.2300000E+34,h2o_ice,,,,
7.0199996E-01,-1.2300000E+34,h2o_ice,,,,
7.0400000E-01,-1.2300000E+34,h2o_ice,,,,
7.0599997E-01,-1.2300000E+34,h2o_ice,,,,
7.0800000E-01,-1.2300000E+34,h2o_ice,,,,
7.0999998E-01,-1.2300000E+34,h2o_ice,,,,
7.1199995E-01,-1.2300000E+34,h2o_ice,,,,
7.1399999E-01,-1.2300000E+34,h2o_ice,,,,
7.1599996E-01,-1.2300000E+34,h2o_ice,,,,
7.1799999E-01,-1.2300000E+34,h2o_ice,,,,
7.1999997E-01,-1.2300000E+34,h2o_ice,,,,
7.2199994E-01,-1.2300000E+34,h2o_ice,,,,
7.2399998E-01,-1.2300000E+34,h2o_ice,,,,
7.2599995E-01,-1.2300000E+34,h2o_ice,,,,
7.2799999E-01,-1.2300000E+34,h2o_ice,,,,
7.2999996E-01,-1.2300000E+34,h2o_ice,,,,
7.3199993E-01,-1.2300000E+34,h2o_ice,,,,
7.3399997E-01,-1.2300000E+34,h2o_ice,,,,
7.3599994E-01,-1.2300000E+34,h2o_ice,,,,
7.3799998E-01,-1.2300000E+34,h2o_ice,,,,
7.4000001E-01,-1.2300000E+34,h2o_ice,,,,
7.4199998E-01,-1.2300000E+34,h2o_ice,,,,
7.4400002E-01,-1.2300000E+34,h2o_ice,,,,
7.4599999E-01,-1.2300000E+34,h2o_ice,,,,
7.4800003E-01,-1.2300000E+34,h2o_ice,,,,
7.5050002E-01,-1.2300000E+34,h2o_ice,,,,
7.5350004E-01,-1.2300000E+34,h2o_ice,,,,
7.5650001E-01,-1.2300000E+34,h2o_ice,,,,
7.5950003E-01,-1.2300000E+34,h2o_ice,,,,
7.6249999E-01,-1.2300000E+34,h2o_ice,,,,
7.6550001E-01,-1.2300000E+34,h2o_ice,,,,
7.6850003E-01,-1.2300000E+34,h2o_ice,,,,
7.7149999E-01,-1.2300000E+34,h2o_ice,,,,
7.7450001E-01,-1.2300000E+34,h2o_ice,,,,
7.7750003E-01,-1.2300000E+34,h2o_ice,,,,
7.8099996E-01,-1.2300000E+34,h2o_ice,,,,
7.8499997E-01,-1.2300000E+34,h2o_ice,,,,
7.8899997E-01,-1.2300000E+34,h2o_ice,,,,
7.9299998E-01,-1.2300000E+34,h2o_ice,,,,
7.9699999E-01,-1.2300000E+34,h2o_ice,,,,
8.0150002E-01,-1.2300000E+34,h2o_ice,,,,
8.0650002E-01,-1.2300000E+34,h2o_ice,,,,
8.1150001E-01,-1.2300000E+34,h2o_ice,,,,
8.1650001E-01,-1.2300000E+34,h2o_ice,,,,
8.2199997E-01,-1.2300000E+34,h2o_ice,,,,
8.2800001E-01,-1.2300000E+34,h2o_ice,,,,
8.3499998E-01,-1.2300000E+34,h2o_ice,,,,
8.4300005E-01,-1.2300000E+34,h2o_ice,,,,
8.5100001E-01,-1.2300000E+34,h2o_ice,,,,
8.5900003E-01,7.9923469E-01,h2o_ice,,,,
8.7099999E-01,7.8545892E-01,h2o_ice,,,,
8.8300002E-01,7.8296947E-01,h2o_ice,,,,
8.9399999E-01,7.7451146E-01,h2o_ice,,,,
9.0399998E-01,7.7394295E-01,h2o_ice,,,,
9.1399997E-01,7.7182931E-01,h2o_ice,,,,
9.2399997E-01,7.7407861E-01,h2o_ice,,,,
9.3299997E-01,7.7126223E-01,h2o_ice,,,,
9.4099998E-01,7.7096874E-01,h2o_ice,,,,
9.4900000E-01,7.6505768E-01,h2o_ice,,,,
9.5700002E-01,7.7226782E-01,h2o_ice,,,,
9.6399999E-01,7.6697075E-01,h2o_ice,,,,
9.6999997E-01,7.6277775E-01,h2o_ice,,,,
9.7599995E-01,7.6080167E-01,h2o_ice,,,,
9.8199993E-01,7.5090981E-01,h2o_ice,,,,
9.8799998E-01,7.3778445E-01,h2o_ice,,,,
9.9400002E-01,7.2718322E-01,h2o_ice,,,,
1.0000000E+00,7.1771044E-01,h2o_ice,,,,
1.0060000E+00,7.0528519E-01,h2o_ice,,,,
1.0120000E+00,6.9486189E-01,h2o_ice,,,,
1.0180000E+00,6.8075508E-01,h2o_ice,,,,
1.0235000E+00,6.7385054E-01,h2o_ice,,,,
1.0285000E+00,6.6666257E-01,h2o_ice,,,,
1.0335000E+00,6.6325903E-01,h2o_ice,,,,
1.0385000E+00,6.5894687E-01,h2o_ice,,,,
1.0434999E+00,6.5967131E-01,h2o_ice,,,,
1.0484999E+00,6.5986377E-01,h2o_ice,,,,
1.0534999E+00,6.6122830E-01,h2o_ice,,,,
1.0584999E+00,6.6480607E-01,h2o_ice,,,,
1.0634999E+00,6.7337167E-01,h2o_ice,,,,
1.0684999E+00,6.8540519E-01,h2o_ice,,,,
1.0735000E+00,6.9073439E-01,h2o_ice,,,,
1.0785000E+00,6.9966745E-01,h2o_ice,,,,
1.0835000E+00,7.0367730E-01,h2o_ice,,,,
1.0885000E+00,7.0452058E-01,h2o_ice,,,,
1.0935000E+00,7.0411384E-01,h2o_ice,,,,
1.0985000E+00,7.0387316E-01,h2o_ice,,,,
1.1035000E+00,7.0054442E-01,h2o_ice,,,,
1.1085000E+00,6.9874299E-01,h2o_ice,,,,
1.1135000E+00,6.9735742E-01,h2o_ice,,,,
1.1185000E+00,6.9438303E-01,h2o_ice,,,,
1.1235000E+00,6.9246846E-01,h2o_ice,,,,
1.1285000E+00,6.8746233E-01,h2o_ice,,,,
1.1335000E+00,6.8514228E-01,h2o_ice,,,,
1.1385000E+00,6.8691564E-01,h2o_ice,,,,
1.1435000E+00,6.8232381E-01,h2o_ice,,,,
1.1485000E+00,6.7671311E-01,h2o_ice,,,,
1.1535000E+00,6.7184484E-01,h2o_ice,,,,
1.1585000E+00,6.6521204E-01,h2o_ice,,,,
1.1635000E+00,6.5622401E-01,h2o_ice,,,,
1.1684999E+00,6.4492285E-01,h2o_ice,,,,
1.1735001E+00,6.3315153E-01,h2o_ice,,,,
1.1785001E+00,6.1676401E-01,h2o_ice,,,,
1.1835001E+00,6.0305047E-01,h2o_ice,,,,
1.1885000E+00,5.8896381E-01,h2o_ice,,,,
1.1935000E+00,5.7313573E-01,h2o_ice,,,,
1.1985000E+00,5.5941546E-01,h2o_ice,,,,
1.2035000E+00,5.4405057E-01,h2o_ice,,,,
1.2085000E+00,5.2971816E-01,h2o_ice,,,,
1.2135000E+00,5.1722276E-01,h2o_ice,,,,
1.2185000E+00,5.0385207E-01,h2o_ice,,,,
1.2235000E+00,4.9436986E-01,h2o_ice,,,,
1.2285000E+00,4.8271748E-01,h2o_ice,,,,
1.2335000E+00,4.7538584E-01,h2o_ice,,,,
1.2385000E+00,4.6796864E-01,h2o_ice,,,,
1.2435000E+00,4.6156687E-01,h2o_ice,,,,
1.2485000E+00,4.5403868E-01,h2o_ice,,,,
1.2535000E+00,4.5037353E-01,h2o_ice,,,,
1.2585000E+00,4.4542176E-01,h2o_ice,,,,
1.2635000E+00,4.4345409E-01,h2o_ice,,,,
1.2685000E+00,4.4307679E-01,h2o_ice,,,,
1.2735001E+00,4.4260401E-01,h2o_ice,,,,
1.2785001E+00,4.4460648E-01,h2o_ice,,,,
1.2835001E+00,4.4583887E-01,h2o_ice,,,,
1.2885001E+00,4.4544333E-01,h2o_ice,,,,
1.2935001E+00,4.4460428E-01,h2o_ice,,,,
1.2985001E+00,4.4363010E-01,h2o_ice,,,,
1.3034999E+00,4.4212085E-01,h2o_ice,,,,
1.3084999E+00,4.4582427E-01,h2o_ice,,,,
1.3134999E+00,4.5263276E-01,h2o_ice,,,,
1.3184999E+00,4.6067443E-01,h2o_ice,,,,
1.3234999E+00,4.6912122E-01,h2o_ice,,,,
1.3284999E+00,4.7205245E-01,h2o_ice,,,,
1.3334999E+00,4.7564405E-01,h2o_ice,,,,
1.3384999E+00,4.7971165E-01,h2o_ice,,,,
1.3434999E+00,4.8046684E-01,h2o_ice,,,,
1.3484999E+00,4.8145455E-01,h2o_ice,,,,
1.3534999E+00,4.7960848E-01,h2o_ice,,,,
1.3584999E+00,4.8111767E-01,h2o_ice,,,,
1.3634999E+00,4.8143572E-01,h2o_ice,,,,
1.3684999E+00,4.7726226E-01,h2o_ice,,,,
1.3735000E+00,4.7485918E-01,h2o_ice,,,,
1.3785000E+00,4.6962091E-01,h2o_ice,,,,
1.3835000E+00,4.6790713E-01,h2o_ice,,,,
1.3885000E+00,4.6417296E-01,h2o_ice,,,,
1.3935000E+00,4.5822287E-01,h2o_ice,,,,
1.3985000E+00,4.4650599E-01,h2o_ice,,,,
1.4035000E+00,4.3784225E-01,h2o_ice,,,,
1.4085000E+00,4.2133278E-01,h2o_ice,,,,
1.4135000E+00,4.0357739E-01,h2o_ice,,,,
1.4184999E+00,3.8170370E-01,h2o_ice,,,,
1.4234999E+00,3.5360599E-01,h2o_ice,,,,
1.4284999E+00,3.2544768E-01,h2o_ice,,,,
1.4334999E+00,2.9207224E-01,h2o_ice,,,,
1.4384999E+00,2.6159039E-01,h2o_ice,,,,
1.4434999E+00,2.2708076E-01,h2o_ice,,,,
1.4484999E+00,1.9649357E-01,h2o_ice,,,,
1.4534999E+00,1.6941461E-01,h2o_ice,,,,
1.4584999E+00,1.4814346E-01,h2o_ice,,,,
1.4634999E+00,1.2778154E-01,h2o_ice,,,,
1.4684999E+00,1.1363472E-01,h2o_ice,,,,
1.4735000E+00,1.0045275E-01,h2o_ice,,,,
1.4785000E+00,8.9700185E-02,h2o_ice,,,,
1.4835000E+00,7.8800455E-02,h2o_ice,,,,
1.4885000E+00,7.7536359E-02,h2o_ice,,,,
1.4935000E+00,7.0746034E-02,h2o_ice,,,,
1.4985000E+00,6.9235489E-02,h2o_ice,,,,
1.5035000E+00,7.2594538E-02,h2o_ice,,,,
1.5085000E+00,7.0705131E-02,h2o_ice,,,,
1.5135000E+00,7.2778441E-02,h2o_ice,,,,
1.5185000E+00,7.3984355E-02,h2o_ice,,,,
1.5235000E+00,7.1608432E-02,h2o_ice,,,,
1.5285000E+00,7.5555563E-02,h2o_ice,,,,
1.5339999E+00,7.6552108E-02,h2o_ice,,,,
1.5400000E+00,7.7542506E-02,h2o_ice,,,,
1.5460000E+00,7.7193156E-02,h2o_ice,,,,
1.5519999E+00,8.0440879E-02,h2o_ice,,,,
1.5580000E+00,8.0625534E-02,h2o_ice,,,,
1.5639999E+00,8.3189756E-02,h2o_ice,,,,
1.5705000E+00,8.7354809E-02,h2o_ice,,,,
1.5775000E+00,9.1643110E-02,h2o_ice,,,,
1.5845000E+00,9.7890116E-02,h2o_ice,,,,
1.5915000E+00,1.0364259E-01,h2o_ice,,,,
1.5985000E+00,1.1020850E-01,h2o_ice,,,,
1.6055000E+00,1.1458783E-01,h2o_ice,,,,
1.6125000E+00,1.1809980E-01,h2o_ice,,,,
1.6194999E+00,1.1658914E-01,h2o_ice,,,,
1.6265000E+00,1.1542450E-01,h2o_ice,,,,
1.6335000E+00,1.1160027E-01,h2o_ice,,,,
1.6404999E+00,1.0997149E-01,h2o_ice,,,,
1.6474999E+00,1.1087875E-01,h2o_ice,,,,
1.6544999E+00,1.1755036E-01,h2o_ice,,,,
1.6615000E+00,1.2511693E-01,h2o_ice,,,,
1.6684999E+00,1.3390079E-01,h2o_ice,,,,
1.6760001E+00,1.4206055E-01,h2o_ice,,,,
1.6840000E+00,1.5051514E-01,h2o_ice,,,,
1.6920000E+00,1.6010156E-01,h2o_ice,,,,
1.7000000E+00,1.6974655E-01,h2o_ice,,,,
1.7080001E+00,1.7890969E-01,h2o_ice,,,,
1.7160001E+00,1.8544164E-01,h2o_ice,,,,
1.7240000E+00,1.9497757E-01,h2o_ice,,,,
1.7320000E+00,2.0355596E-01,h2o_ice,,,,
1.7400000E+00,2.1099961E-01,h2o_ice,,,,
1.7480000E+00,2.2020137E-01,h2o_ice,,,,
1.7560000E+00,2.2333269E-01,h2o_ice,,,,
1.7639999E+00,2.2845261E-01,h2o_ice,,,,
1.7720001E+00,2.3167154E-01,h2o_ice,,,,
1.7800001E+00,2.3374689E-01,h2o_ice,,,,
1.7880001E+00,2.3751771E-01,h2o_ice,,,,
1.7960001E+00,2.3933071E-01,h2o_ice,,,,
1.8049999E+00,2.4037656E-01,h2o_ice,,,,
1.8149999E+00,2.4274009E-01,h2o_ice,,,,
1.8249999E+00,2.4529836E-01,h2o_ice,,,,
1.8349999E+00,2.4351615E-01,h2o_ice,,,,
1.8449999E+00,2.4165313E-01,h2o_ice,,,,
1.8549999E+00,2.3291700E-01,h2o_ice,,,,
1.8649999E+00,2.1809450E-01,h2o_ice,,,,
1.8750000E+00,1.9403398E-01,h2o_ice,,,,
1.8850000E+00,1.6431433E-01,h2o_ice,,,,
1.8950000E+00,1.3440186E-01,h2o_ice,,,,
1.9050000E+00,1.0997538E-01,h2o_ice,,,,
1.9150000E+00,8.7825745E-02,h2o_ice,,,,
1.9250000E+00,7.1826473E-02,h2o_ice,,,,
1.9349999E+00,5.7906583E-02,h2o_ice,,,,
1.9449999E+00,5.2368943E-02,h2o_ice,,,,
1.9549999E+00,4.7579937E-02,h2o_ice,,,,
1.9649999E+00,4.0740680E-02,h2o_ice,,,,
1.9750000E+00,3.7903279E-02,h2o_ice,,,,
1.9850000E+00,3.3199631E-02,h2o_ice,,,,
1.9950000E+00,3.6076322E-02,h2o_ice,,,,
2.0050001E+00,3.5195470E-02,h2o_ice,,,,
2.0150001E+00,3.3893630E-02,h2o_ice,,,,
2.0250001E+00,3.4817953E-02,h2o_ice,,,,
2.0350001E+00,3.2702748E-02,h2o_ice,,,,
2.0450001E+00,3.4846671E-02,h2o_ice,,,,
2.0550001E+00,3.4776546E-02,h2o_ice,,,,
2.0650001E+00,3.3232674E-02,h2o_ice,,,,
2.0750000E+00,3.7050378E-02,h2o_ice,,,,
2.0850000E+00,4.3022856E-02,h2o_ice,,,,
2.0950000E+00,4.6383195E-02,h2o_ice,,,,
2.1050000E+00,5.7774026E-02,h2o_ice,,,,
2.1150000E+00,6.1926372E-02,h2o_ice,,,,
2.1250000E+00,7.2868720E-02,h2o_ice,,,,
2.1350000E+00,8.1812456E-02,h2o_ice,,,,
2.1450000E+00,9.6626237E-02,h2o_ice,,,,
2.1550000E+00,1.0562760E-01,h2o_ice,,,,
2.1650000E+00,1.1795197E-01,h2o_ice,,,,
2.1750000E+00,1.3280065E-01,h2o_ice,,,,
2.1849999E+00,1.4134648E-01,h2o_ice,,,,
2.1949999E+00,1.5538403E-01,h2o_ice,,,,
2.2050002E+00,1.6127059E-01,h2o_ice,,,,
2.2150002E+00,1.7404929E-01,h2o_ice,,,,
2.2250001E+00,1.8182805E-01,h2o_ice,,,,
2.2350001E+00,1.8503633E-01,h2o_ice,,,,
2.2450001E+00,1.8718813E-01,h2o_ice,,,,
2.2550001E+00,1.8306647E-01,h2o_ice,,,,
2.2650001E+00,1.7572586E-01,h2o_ice,,,,
2.2750001E+00,1.6122015E-01,h2o_ice,,,,
2.2850001E+00,1.4875509E-01,h2o_ice,,,,
2.2950001E+00,1.3204871E-01,h2o_ice,,,,
2.3050001E+00,1.2269478E-01,h2o_ice,,,,
2.3150001E+00,1.0708553E-01,h2o_ice,,,,
2.3250000E+00,9.7408839E-02,h2o_ice,,,,
2.3350000E+00,8.9341268E-02,h2o_ice,,,,
2.3450000E+00,8.1978321E-02,h2o_ice,,,,
2.3550000E+00,7.7432767E-02,h2o_ice,,,,
2.3650000E+00,7.4762478E-02,h2o_ice,,,,
2.3750000E+00,7.0418075E-02,h2o_ice,,,,
2.3859999E+00,6.9156826E-02,h2o_ice,,,,
2.4000001E+00,6.6689789E-02,h2o_ice,,,,
2.4180000E+00,6.3118361E-02,h2o_ice,,,,
2.4400001E+00,5.8580227E-02,h2o_ice,,,,
2.4660001E+00,5.3243697E-02,h2o_ice,,,,
2.4960001E+00,4.7487095E-02,h2o_ice,,,,
2.5279999E+00,4.6069771E-02,h2o_ice,,,,
2.5599999E+00,4.4033021E-02,h2o_ice,,,,
2.5920000E+00,4.1737035E-02,h2o_ice,,,,
2.6239998E+00,3.5931181E-02,h2o_ice,,,,
2.6559999E+00,3.1329412E-02,h2o_ice,,,,
2.6879997E+00,1.5119891E-02,h2o_ice,,,,
2.7200000E+00,7.2670844E-03,h2o_ice,,,,
2.7520001E+00,-1.2300000E+34,h2o_ice,,,,
2.7839999E+00,-1.2300000E+34,h2o_ice,,,,
2.8160000E+00,-1.2300000E+34,h2o_ice,,,,
2.8479998E+00,-1.2300000E+34,h2o_ice,,,,
2.8799999E+00,-1.2300000E+34,h2o_ice,,,,
2.9120002E+00,-1.2300000E+34,h2o_ice,,,,
2.9440000E+00,9.5365653E-03,h2o_ice,,,,
2.9760001E+00,2.7419269E-02,h2o_ice,,,,